608400,2818326,1oemu
608401,2818189,1oej1
608402,2818182,1oeiu
608403,2818181,1oeit
608404,2818177,1oeip
608405,2818125,1oeh9
608406,2818176,1oeio
608407,2818174,1oeim
608408,2818173,1oeil
608409,2818081,1oeg1
608410,2817997,1oedp
608411,2818164,1oeic
608412,2818163,1oeib
608413,2818161,1oei9
608414,2818040,1oeew
608415,2818149,1oehx
608416,2818147,1oehv
608417,2818065,1oefl
608418,2818138,1oehm
608419,2818060,1oefg
608420,2818117,1oeh1
608421,2818049,1oef5
608422,2818044,1oef0
608423,2818048,1oef4
608424,2818050,1oef6
608425,2818111,1oegv
608426,2818035,1oeer
608427,2818051,1oef7
608428,2818326,1oemu
608429,2818189,1oej1
608430,2818182,1oeiu
608431,2818181,1oeit
608432,2818177,1oeip
608433,2818125,1oeh9
608434,2818176,1oeio
608435,2818174,1oeim
608436,2818173,1oeil
608437,2818081,1oeg1
608438,2817997,1oedp
608439,2818164,1oeic
608440,2818163,1oeib
608441,2818161,1oei9
608442,2818040,1oeew
608443,2818149,1oehx
608444,2818147,1oehv
608445,2818065,1oefl
608446,2818138,1oehm
608447,2818060,1oefg
608448,2818117,1oeh1
608449,2818049,1oef5
608450,2818044,1oef0
608451,2818048,1oef4
608452,2818050,1oef6
608453,2818111,1oegv
608454,2818035,1oeer
608455,2818051,1oef7
608456,2818326,1oemu
608457,2818189,1oej1
608458,2818182,1oeiu
608459,2818181,1oeit
608460,2818177,1oeip
608461,2818125,1oeh9
608462,2818176,1oeio
608463,2818174,1oeim
608464,2818173,1oeil
608465,2818081,1oeg1
608466,2817997,1oedp
608467,2818164,1oeic
608468,2818163,1oeib
608469,2818161,1oei9
608470,2818040,1oeew
608471,2818149,1oehx
608472,2818147,1oehv
608473,2818065,1oefl
608474,2818138,1oehm
608475,2818060,1oefg
608476,2818117,1oeh1
608477,2818049,1oef5
608478,2818044,1oef0
608479,2818048,1oef4
608480,2818050,1oef6
608481,2818111,1oegv
608482,2818035,1oeer
608483,2818051,1oef7
608484,2818326,1oemu
608485,2818189,1oej1
608486,2818182,1oeiu
608487,2818181,1oeit
608488,2818177,1oeip
608489,2818125,1oeh9
608490,2818176,1oeio
608491,2818174,1oeim
608492,2818173,1oeil
608493,2818081,1oeg1
608494,2817997,1oedp
608495,2818164,1oeic
608496,2818163,1oeib
608497,2818161,1oei9
608498,2818040,1oeew
608499,2818149,1oehx
608500,2818147,1oehv
608501,2818065,1oefl
608502,2818138,1oehm
608503,2818060,1oefg
608504,2818117,1oeh1
608505,2818049,1oef5
608506,2818044,1oef0
608507,2818048,1oef4
608508,2818050,1oef6
608509,2818111,1oegv
608510,2818035,1oeer
608511,2818051,1oef7
